Reference,Value,Selected part / candidate,Footprint,Release status,Notes
U3,Pololu U3V40F6 / 6V,Pololu4013 U3V40F6,VELOX:Pololu_U3V40F6_4013,Selected interface; physical prototype qualification open,Pololu 4013 only. Two output and two ground pins used. EN tied to VIN. 2.5 mm insulating header gap and support under free edge; coil performance requires bench qualification.
U4,Pololu U3V16F7 / 7.5V,Pololu4943 U3V16F7,VELOX:Pololu_U3V16F7_4943,Selected interface; physical prototype qualification open,"Pololu 4943 only. Dedicated 7.5 V nominal Nano VIN rail, +/-4%. 2.5 mm insulating header gap. This is not a reader power gate."
J1,PROTECTED 1S BATTERY,Select exact tolerance/rating-compatible part,VELOX:Battery_WirePads,MPN / operating qualification open,Existing protected 1S 4.2 V LiPo only. Independent BMS discharge capability and pigtail current must be confirmed; do not connect a bare cell.
F1,3A / 0467003.NR candidate,Littelfuse0467003.NR candidate,VELOX:Fuse_1206_3216Metric_Pad1.42x1.75mm_HandSolder,MPN / operating qualification open,"Candidate fuse, not released: coordinate with cell BMS, harness, operating pulse and measured inrush. Charger and load are both downstream of fuse."
J2,RUN SWITCH / OFF TO CHARGE,Select exact tolerance/rating-compatible part,VELOX:RunSwitch_WirePads,MPN / operating qualification open,"External latching SPST >=3 A DC, subject to measured input current. Open to charge. No load sharing; Nano USB disconnected while charging."
J3,USB4125-GF-A / CHARGE ONLY,GCT USB4125-GF-A,VELOX:USB_C_Receptacle_GCT_USB4125-xx-x_6P_TopMnt_Horizontal,Selected interface; physical prototype qualification open,"GCT USB4125-GF-A, 1 mm stake variant. Both CC pins have independent 5.1k Rd. 5 V charging only, no data or PD. Connector overhang needs a new enclosure port."
R9,5.1k 1%,Select exact tolerance/rating-compatible part,VELOX:R_0805_2012Metric_Pad1.20x1.40mm_HandSolder,Selected interface; physical prototype qualification open,
R10,5.1k 1%,Select exact tolerance/rating-compatible part,VELOX:R_0805_2012Metric_Pad1.20x1.40mm_HandSolder,Selected interface; physical prototype qualification open,
U5,NCP361SNT1G,onsemi NCP361SNT1G,VELOX:SOT-23-5_HandSoldering,Selected interface; physical prototype qualification open,"TSOP-5 pinout 1 IN / 2 GND / 3 EN / 4 FLAG / 5 OUT. EN grounded. OVP threshold max5.9 V, fast disconnect; verify real hot-plug waveform below MCP73831 absolute7 V. Not battery protection."
U2,MCP73831-2ATI/OT,Microchip MCP73831-2ATI/OT,VELOX:SOT-23-5_HandSoldering,Selected interface; physical prototype qualification open,"4.2 V 1S charger; default RPROG10k ~100 mA to reduce enclosure heating. No cell-temperature sensor, no power path, no BMS. Charge within verified cell temperature limits and with RUN open."
R11,10k 1% / 100mA,Select exact tolerance/rating-compatible part,VELOX:R_0805_2012Metric_Pad1.20x1.40mm_HandSolder,Selected interface; physical prototype qualification open,
R12,2.2k,Select exact tolerance/rating-compatible part,VELOX:R_0805_2012Metric_Pad1.20x1.40mm_HandSolder,Selected interface; physical prototype qualification open,
D3,CHARGE LED / red,Select exact tolerance/rating-compatible part,VELOX:LED_0805_2012Metric,Selected interface; physical prototype qualification open,"On while charger reports charging; off can also mean no USB, no cell or fault, not proof of a full battery."
C9,4.7u 50V X7R,Select exact tolerance/rating-compatible part,VELOX:C_1206_3216Metric_Pad1.33x1.80mm_HandSolder,MPN / operating qualification open,"Select exact MPN with >=1u effective at20 V, input ESD condition from NCP361 datasheet. Charge source remains5 V USB."
C10,10u 25V X7R,Select exact tolerance/rating-compatible part,VELOX:C_1206_3216Metric_Pad1.33x1.80mm_HandSolder,MPN / operating qualification open,Select exact MPN with >=4.7u effective at5.9 V for charger stability; also NCP361 output bypass.
C11,10u 25V X7R,Select exact tolerance/rating-compatible part,VELOX:C_1206_3216Metric_Pad1.33x1.80mm_HandSolder,MPN / operating qualification open,Select exact MPN with >=4.7u effective at4.2 V. Charger output bypass close to VBAT.
U1,Arduino Nano ESP32 ABX00083,Arduino ABX00083,VELOX:Nano_ESP32_ABX00083_Sockets,MPN / operating qualification open,Two 1x15 female sockets 2.54 pitch /15.24 row spacing. Nano ESP32 only. VBUS unconnected; 7.5 V to VIN. Reserve14 mm above carrier for socketed module; antenna keepout below.
J5,RC522 / XH8 HARNESS,JST B8B-XH-A,VELOX:JST_XH_B8B-XH-A_1x08_P2.50mm_Vertical,Selected interface; physical prototype qualification open,"JST B8B-XH-A, housing XHP-8. Match RC522 labels individually. RC522 antenna remains separate, with no carrier/battery/metal behind it; enclosure reader mounting must change."
J6,PANEL / PH8 HARNESS,JST B8B-PH-K-S,VELOX:JST_PH_B8B-PH-K_1x08_P2.00mm_Vertical,Selected interface; physical prototype qualification open,"JST B8B-PH-K-S, housing PHR-8. Distinct pitch from RFID. Normally-open buttons to shared ground, LED cathodes to ground, 3.3 V active buzzer <=30 mA. Label both ends; validate current and polarity."
J4,COIL / XH2 / 6V VERIFY,JST B2B-XH-A,VELOX:JST_XH_B2B-XH-A_1x02_P2.50mm_Vertical,Selected interface; physical prototype qualification open,"JST B2B-XH-A and XHP-2. 6 V ~1 A is an assumption from bench notes. Actual coil rating, resistance, duty and release behavior must be measured."
Q1,AO3400A,AOS AO3400A,VELOX:SOT-23,Selected interface; physical prototype qualification open,"AOS genuine AO3400A: Rds(on) specified at2.5 V, not an IRF520. Pin1 G/2 S/3 D. Check pulse thermal and drain transient."
R1,330,Select exact tolerance/rating-compatible part,VELOX:R_0805_2012Metric_Pad1.20x1.40mm_HandSolder,Selected interface; physical prototype qualification open,
R2,100k,Select exact tolerance/rating-compatible part,VELOX:R_0805_2012Metric_Pad1.20x1.40mm_HandSolder,Selected interface; physical prototype qualification open,
D1,SS34,"SS34 SMA, qualify manufacturer",VELOX:D_SMA,Selected interface; physical prototype qualification open,Flyback cathode/band to6 V. SMA SS34. Simple diode gives slow current decay: check latch release time physically.
C1,470u 10V / EEUFR1A471,Panasonic EEUFR1A471,VELOX:CP_Radial_D8.0mm_P3.50mm,Selected interface; physical prototype qualification open,"Panasonic EEUFR1A471 exact: D8/H11.5/P3.5 mm. Bulk is transient support, not the source for the whole coil pulse."
C2,1u 25V,Select exact tolerance/rating-compatible part,VELOX:C_0805_2012Metric_Pad1.18x1.45mm_HandSolder,MPN / operating qualification open,
C3,10u 25V,Select exact tolerance/rating-compatible part,VELOX:C_0805_2012Metric_Pad1.18x1.45mm_HandSolder,MPN / operating qualification open,
C4,100n 16V,Select exact tolerance/rating-compatible part,VELOX:C_0805_2012Metric_Pad1.18x1.45mm_HandSolder,MPN / operating qualification open,
C5,10u 10V,Select exact tolerance/rating-compatible part,VELOX:C_0805_2012Metric_Pad1.18x1.45mm_HandSolder,MPN / operating qualification open,
C8,100u 10V / EEUFR1A101,Panasonic EEUFR1A101,VELOX:CP_Radial_D5.0mm_P2.00mm,Selected interface; physical prototype qualification open,Panasonic EEUFR1A101 exact: D5/H11/P2 mm. Battery/boost input damping near U3; retain short adequately rated battery wiring.
Q2,AO3400A,AOS AO3400A,VELOX:SOT-23,Selected interface; physical prototype qualification open,
R3,330,Select exact tolerance/rating-compatible part,VELOX:R_0805_2012Metric_Pad1.20x1.40mm_HandSolder,Selected interface; physical prototype qualification open,
R4,100k,Select exact tolerance/rating-compatible part,VELOX:R_0805_2012Metric_Pad1.20x1.40mm_HandSolder,Selected interface; physical prototype qualification open,
D2,SS14,"SS14 SMA, qualify manufacturer",VELOX:D_SMA,Selected interface; physical prototype qualification open,Populate flyback for magnetic active buzzer. Buzzer supply3.3 V; qualify module current <=30 mA.
R5,470,Select exact tolerance/rating-compatible part,VELOX:R_0805_2012Metric_Pad1.20x1.40mm_HandSolder,Selected interface; physical prototype qualification open,
R6,470,Select exact tolerance/rating-compatible part,VELOX:R_0805_2012Metric_Pad1.20x1.40mm_HandSolder,Selected interface; physical prototype qualification open,
R7,100k 1%,Select exact tolerance/rating-compatible part,VELOX:R_0805_2012Metric_Pad1.20x1.40mm_HandSolder,Selected interface; physical prototype qualification open,
R8,100k 1%,Select exact tolerance/rating-compatible part,VELOX:R_0805_2012Metric_Pad1.20x1.40mm_HandSolder,Selected interface; physical prototype qualification open,
C6,100n 16V,Select exact tolerance/rating-compatible part,VELOX:C_0805_2012Metric_Pad1.18x1.45mm_HandSolder,MPN / operating qualification open,
