Reference,Carrier pin,Function,Net
U3,1,EN,BAT_RUN
U3,2,VIN,BAT_RUN
U3,3,GND1,GND
U3,4,GND2,GND
U3,5,VOUT1,COIL_6V
U3,6,VOUT2,COIL_6V
U4,1,VIN,BAT_RUN
U4,2,GND,GND
U4,3,VOUT,NANO_7V5
J1,1,+,BAT_PROTECTED
J1,2,-,GND
F1,1,,BAT_PROTECTED
F1,2,,BAT_FUSED
J2,1,FUSED+,BAT_FUSED
J2,2,RUN+,BAT_RUN
J3,A5,CC1,CC1
J3,B5,CC2,CC2
J3,A9,VBUS,USB_VBUS
J3,B9,VBUS,USB_VBUS
J3,A12,GND,GND
J3,B12,GND,GND
J3,S1,SHIELD,GND
R9,1,,CC1
R9,2,,GND
R10,1,,CC2
R10,2,,GND
U5,1,IN,USB_VBUS
U5,2,GND,GND
U5,3,EN_LOW,GND
U5,4,FLAG_NC,NC
U5,5,OUT,USB_5V_SAFE
U2,1,STAT,CHG_STAT
U2,2,VSS,GND
U2,3,VBAT,BAT_FUSED
U2,4,VDD,USB_5V_SAFE
U2,5,PROG,CHG_PROG
R11,1,,CHG_PROG
R11,2,,GND
R12,1,,USB_5V_SAFE
R12,2,,CHG_LED_A
D3,1,K,CHG_STAT
D3,2,A,CHG_LED_A
C9,1,,USB_VBUS
C9,2,,GND
C10,1,,USB_5V_SAFE
C10,2,,GND
C11,1,,BAT_FUSED
C11,2,,GND
U1,1,D13,SPI_SCK
U1,2,3V3,3V3
U1,3,B0,NC
U1,4,A0,BAT_ADC
U1,5,A1,NC
U1,6,A2,NC
U1,7,A3,NC
U1,8,A4,NC
U1,9,A5,NC
U1,10,A6,NC
U1,11,A7,NC
U1,12,VBUS,NC
U1,13,B1,NC
U1,14,GND,GND
U1,15,VIN,NANO_7V5
U1,16,D12,SPI_MISO
U1,17,D11,SPI_MOSI
U1,18,D10,RFID_SS
U1,19,D9,LED_GREEN_GPIO
U1,20,D8,LED_RED_GPIO
U1,21,D7,NC
U1,22,D6,BUZZ_GPIO
U1,23,D5,SOL_GPIO
U1,24,D4,RFID_RST
U1,25,D3,WAKE_BTN
U1,26,D2,ADMIN_BTN
U1,27,GND,GND
U1,28,RESET,NC
U1,29,D0,NC
U1,30,D1,NC
J5,1,SS,RFID_SS
J5,2,SCK,SPI_SCK
J5,3,MOSI,SPI_MOSI
J5,4,MISO,SPI_MISO
J5,5,IRQ_NC,NC
J5,6,GND,GND
J5,7,RST,RFID_RST
J5,8,3V3,3V3
J6,1,GND1,GND
J6,2,GND2,GND
J6,3,WAKE,WAKE_BTN
J6,4,CANCEL,ADMIN_BTN
J6,5,RED_A,LED_RED_A
J6,6,GREEN_A,LED_GREEN_A
J6,7,BUZZ+,3V3
J6,8,BUZZ-,BUZZ_N
J4,1,+,COIL_6V
J4,2,SWITCHED-,COIL_N
Q1,1,G,SOL_GATE
Q1,2,S,GND
Q1,3,D,COIL_N
R1,1,,SOL_GPIO
R1,2,,SOL_GATE
R2,1,,SOL_GATE
R2,2,,GND
D1,1,K,COIL_6V
D1,2,A,COIL_N
C1,1,,COIL_6V
C1,2,,GND
C2,1,,COIL_6V
C2,2,,GND
C3,1,,NANO_7V5
C3,2,,GND
C4,1,,3V3
C4,2,,GND
C5,1,,3V3
C5,2,,GND
C8,1,,BAT_RUN
C8,2,,GND
Q2,1,G,BUZZ_GATE
Q2,2,S,GND
Q2,3,D,BUZZ_N
R3,1,,BUZZ_GPIO
R3,2,,BUZZ_GATE
R4,1,,BUZZ_GATE
R4,2,,GND
D2,1,K,3V3
D2,2,A,BUZZ_N
R5,1,,LED_RED_GPIO
R5,2,,LED_RED_A
R6,1,,LED_GREEN_GPIO
R6,2,,LED_GREEN_A
R7,1,,BAT_RUN
R7,2,,BAT_ADC
R8,1,,BAT_ADC
R8,2,,GND
C6,1,,BAT_ADC
C6,2,,GND
TP1,1,,BAT_RUN
TP2,1,,COIL_6V
TP3,1,,NANO_7V5
TP4,1,,3V3
TP5,1,,GND
TP6,1,,BAT_ADC
